group,dataset,dataset_id,category,scenario,aether_incremental_ms,veridns_incremental_ms,veridns_full_update_ms,incremental_speedup,full_update_speedup
files-100-500,virginia.edu,files-100-500/virginia.edu,rewrite-heavy,A_ADD,0.635,0.184018,0.724772,0.28979212598425197,1.1413732283464566
files-100-500,virginia.edu,files-100-500/virginia.edu,rewrite-heavy,A_UPDATE,0.482,0.493395,1.585811,1.0236410788381742,3.2900643153526974
files-100-500,virginia.edu,files-100-500/virginia.edu,rewrite-heavy,NS_UPDATE,0.524,0.591825,1.687753,1.1294370229007633,3.220902671755725
files-100-500,virginia.edu,files-100-500/virginia.edu,rewrite-heavy,CNAME_UPDATE,0.554,0.7449,3.057957,1.3445848375451261,5.5197779783393495
files-100-500,vivilotz.com,files-100-500/vivilotz.com,delegation-heavy,A_ADD,0.618,0.197341,0.378225,0.31932200647249187,0.6120145631067961
files-100-500,vivilotz.com,files-100-500/vivilotz.com,delegation-heavy,A_UPDATE,0.655,0.370166,0.524688,0.5651389312977099,0.8010503816793894
files-100-500,vivilotz.com,files-100-500/vivilotz.com,delegation-heavy,NS_UPDATE,0.591,0.398138,0.485972,0.6736683587140441,0.8222876480541456
files-100-500,vn.ua,files-100-500/vn.ua,delegation-heavy,A_ADD,0.143,0.198985,0.333859,1.3915034965034967,2.334678321678322
files-100-500,vn.ua,files-100-500/vn.ua,delegation-heavy,A_UPDATE,0.008,0.478213,0.462181,59.776624999999996,57.772625
files-100-500,vn.ua,files-100-500/vn.ua,delegation-heavy,NS_UPDATE,0.008,0.545501,0.580831,68.187625,72.603875
files-100-500,vn.ua,files-100-500/vn.ua,delegation-heavy,CNAME_UPDATE,0.084,0.962667,2.812313,11.460321428571428,33.47991666666667
files-100-500,voxcdn.com,files-100-500/voxcdn.com,rewrite-heavy,NS_UPDATE,0.761,1.318535,4.200895,1.732634691195795,5.520229960578186
files-100-500,vrn.ru,files-100-500/vrn.ru,delegation-heavy,A_ADD,0.903,0.215191,0.322688,0.2383067552602436,0.3573510520487264
files-100-500,vrn.ru,files-100-500/vrn.ru,delegation-heavy,A_UPDATE,0.593,0.487244,0.483175,0.8216593591905565,0.814797639123103
files-100-500,vrn.ru,files-100-500/vrn.ru,delegation-heavy,NS_UPDATE,0.777,0.540117,0.71048,0.6951312741312741,0.9143886743886743
files-100-500,vrn.ru,files-100-500/vrn.ru,delegation-heavy,CNAME_UPDATE,0.7999999999999999,0.814052,3.736341,1.017565,4.67042625
files-100-500,w3wb.com,files-100-500/w3wb.com,common-case,A_ADD,0.592,0.15821,0.284094,0.2672466216216216,0.4798885135135136
files-100-500,w3wb.com,files-100-500/w3wb.com,common-case,A_UPDATE,0.45,0.346278,0.45024,0.7695066666666666,1.0005333333333333
files-100-500,w3wb.com,files-100-500/w3wb.com,common-case,NS_UPDATE,4.772,8.235491,14.241915,1.7257944258172673,2.9844750628667227
files-100-500,w3wb.com,files-100-500/w3wb.com,common-case,CNAME_UPDATE,7.128000000000001,10.677071,17.074139,1.4979055836139168,2.3953618125701452
files-100-500,wa.gov,files-100-500/wa.gov,rewrite-heavy,A_ADD,0.753,0.241523,0.909841,0.3207476759628154,1.2082881806108898
files-100-500,wa.gov,files-100-500/wa.gov,rewrite-heavy,A_UPDATE,0.752,0.552251,1.601596,0.7343763297872341,2.1297819148936172
files-100-500,wa.gov,files-100-500/wa.gov,rewrite-heavy,NS_UPDATE,0.5660000000000001,1.014493,2.495026,1.7923904593639575,4.408173144876325
files-100-500,wa.gov,files-100-500/wa.gov,rewrite-heavy,CNAME_UPDATE,0.492,0.776901,3.047707,1.5790670731707317,6.194526422764228
files-100-500,warriorhall.com,files-100-500/warriorhall.com,delegation-heavy,A_ADD,0.833,0.198855,0.39279,0.23872148859543818,0.47153661464585833
files-100-500,warriorhall.com,files-100-500/warriorhall.com,delegation-heavy,A_UPDATE,0.519,0.435558,0.495934,0.8392254335260115,0.9555568400770712
files-100-500,warriorhall.com,files-100-500/warriorhall.com,delegation-heavy,NS_UPDATE,0.453,0.436106,0.525952,0.9627064017660044,1.1610419426048564
files-100-500,warszawa.pl,files-100-500/warszawa.pl,delegation-heavy,A_ADD,1.4969999999999999,0.24867,1.024538,0.1661122244488978,0.6843941215764863
files-100-500,warszawa.pl,files-100-500/warszawa.pl,delegation-heavy,A_UPDATE,0.772,0.586625,1.383336,0.7598769430051813,1.7918860103626941
files-100-500,warszawa.pl,files-100-500/warszawa.pl,delegation-heavy,NS_UPDATE,0.671,0.591967,1.797189,0.8822160953800298,2.678374068554396
files-100-500,warszawa.pl,files-100-500/warszawa.pl,delegation-heavy,CNAME_UPDATE,0.8340000000000001,0.968399,2.575077,1.1611498800959232,3.0876223021582727
files-100-500,washington.edu,files-100-500/washington.edu,rewrite-heavy,A_ADD,1.1219999999999999,0.452739,1.313688,0.4035106951871658,1.1708449197860964
files-100-500,washington.edu,files-100-500/washington.edu,rewrite-heavy,A_UPDATE,0.716,0.62503,2.051205,0.8729469273743017,2.8648114525139667
files-100-500,washington.edu,files-100-500/washington.edu,rewrite-heavy,NS_UPDATE,0.995,1.464568,4.395117,1.471927638190955,4.417203015075377
files-100-500,washington.edu,files-100-500/washington.edu,rewrite-heavy,CNAME_UPDATE,0.718,1.12159,4.21092,1.5621030640668525,5.864791086350975
files-100-500,wayport.net,files-100-500/wayport.net,delegation-heavy,A_ADD,0.11800000000000001,0.197859,0.409368,1.676771186440678,3.4692203389830505
files-100-500,wayport.net,files-100-500/wayport.net,delegation-heavy,A_UPDATE,0.008,0.30032,0.447472,37.54,55.934
files-100-500,wayport.net,files-100-500/wayport.net,delegation-heavy,NS_UPDATE,0.009000000000000001,0.398696,0.61029,44.29955555555555,67.80999999999999
files-100-500,wayport.net,files-100-500/wayport.net,delegation-heavy,CNAME_UPDATE,0.010000000000000002,0.335277,1.211856,33.527699999999996,121.18559999999998
files-100-500,wblogin.com,files-100-500/wblogin.com,delegation-heavy,A_ADD,0.23299999999999998,0.162001,0.360182,0.6952832618025752,1.5458454935622319
files-100-500,wblogin.com,files-100-500/wblogin.com,delegation-heavy,A_UPDATE,0.258,0.276084,0.360342,1.070093023255814,1.3966744186046511
files-100-500,wblogin.com,files-100-500/wblogin.com,delegation-heavy,NS_UPDATE,0.245,0.348944,0.409173,1.4242612244897959,1.6700938775510206
files-100-500,wcpss.net,files-100-500/wcpss.net,rewrite-heavy,A_ADD,0.078,0.13398,0.2713,1.7176923076923076,3.478205128205128
files-100-500,wcpss.net,files-100-500/wcpss.net,rewrite-heavy,A_UPDATE,0.006,0.286975,0.370471,47.829166666666666,61.74516666666666
files-100-500,wcpss.net,files-100-500/wcpss.net,rewrite-heavy,NS_UPDATE,0.006,0.328583,0.442247,54.76383333333334,73.70783333333333
files-100-500,webd.pl,files-100-500/webd.pl,rewrite-heavy,A_ADD,0.689,0.164823,0.711475,0.23922060957910016,1.0326197387518143
files-100-500,webd.pl,files-100-500/webd.pl,rewrite-heavy,A_UPDATE,1.071,0.590283,1.04328,0.5511512605042017,0.9741176470588235
files-100-500,webd.pl,files-100-500/webd.pl,rewrite-heavy,NS_UPDATE,0.5630000000000001,0.581219,1.686657,1.032360568383659,2.9958383658969803
files-100-500,webd.pl,files-100-500/webd.pl,rewrite-heavy,CNAME_UPDATE,2.5029999999999997,0.552628,1.709835,0.22078625649220937,0.6831142628845387
files-100-500,webng.com,files-100-500/webng.com,delegation-heavy,A_ADD,0.598,0.132527,0.297539,0.22161705685618732,0.497556856187291
files-100-500,webng.com,files-100-500/webng.com,delegation-heavy,A_UPDATE,0.28600000000000003,0.289842,0.36704,1.0134335664335663,1.2833566433566432
files-100-500,webng.com,files-100-500/webng.com,delegation-heavy,NS_UPDATE,0.41200000000000003,0.713496,0.977585,1.7317864077669902,2.372779126213592
files-100-500,webself.net,files-100-500/webself.net,delegation-heavy,A_ADD,0.193,0.167284,0.342214,0.8667564766839377,1.7731295336787565
files-100-500,webself.net,files-100-500/webself.net,delegation-heavy,A_UPDATE,0.167,0.329635,0.408495,1.9738622754491018,2.446077844311377
files-100-500,webself.net,files-100-500/webself.net,delegation-heavy,NS_UPDATE,0.225,0.51103,0.660756,2.271244444444444,2.9366933333333334
files-100-500,website-start.de,files-100-500/website-start.de,delegation-heavy,A_ADD,0.7919999999999999,0.147256,0.301426,0.18592929292929294,0.3805883838383839
files-100-500,website-start.de,files-100-500/website-start.de,delegation-heavy,A_UPDATE,1.1099999999999999,0.307793,0.369002,0.277290990990991,0.3324342342342343
files-100-500,website-start.de,files-100-500/website-start.de,delegation-heavy,NS_UPDATE,0.5650000000000001,0.322707,0.398654,0.5711628318584071,0.7055823008849557
files-100-500,webwealth.us,files-100-500/webwealth.us,delegation-heavy,A_ADD,0.365,0.144819,0.288807,0.39676438356164384,0.7912520547945205
files-100-500,webwealth.us,files-100-500/webwealth.us,delegation-heavy,A_UPDATE,0.20600000000000002,0.302779,0.36028,1.4698009708737865,1.7489320388349512
files-100-500,webwealth.us,files-100-500/webwealth.us,delegation-heavy,NS_UPDATE,0.16,0.379948,0.530003,2.374675,3.3125187499999997
files-100-500,wednet.edu,files-100-500/wednet.edu,delegation-heavy,A_ADD,0.743,0.213765,0.417721,0.28770524899057875,0.5622086137281292
files-100-500,wednet.edu,files-100-500/wednet.edu,delegation-heavy,A_UPDATE,0.441,0.535092,0.608162,1.2133605442176871,1.3790521541950114
files-100-500,wednet.edu,files-100-500/wednet.edu,delegation-heavy,NS_UPDATE,0.803,0.615478,0.713448,0.7664732254047322,0.888478206724782
files-100-500,wednet.edu,files-100-500/wednet.edu,delegation-heavy,CNAME_UPDATE,1.303,0.877657,1.968936,0.6735663852647736,1.5110790483499617
files-100-500,wendellbennett.com,files-100-500/wendellbennett.com,delegation-heavy,A_ADD,0.598,0.192993,0.397078,0.32273076923076927,0.664010033444816
files-100-500,wendellbennett.com,files-100-500/wendellbennett.com,delegation-heavy,A_UPDATE,0.406,0.381792,1.24474,0.9403743842364531,3.065862068965517
files-100-500,wendellbennett.com,files-100-500/wendellbennett.com,delegation-heavy,NS_UPDATE,0.468,0.464236,0.486951,0.9919572649572649,1.0404935897435896
files-100-500,wertot.com,files-100-500/wertot.com,delegation-heavy,A_ADD,0.29800000000000004,0.170489,0.348591,0.5721107382550334,1.1697684563758388
files-100-500,wertot.com,files-100-500/wertot.com,delegation-heavy,A_UPDATE,0.12200000000000001,0.348081,0.418292,2.853122950819672,3.4286229508196717
files-100-500,wertot.com,files-100-500/wertot.com,delegation-heavy,NS_UPDATE,0.19,0.498571,0.51019,2.624057894736842,2.6852105263157897
files-100-500,wo.tc,files-100-500/wo.tc,delegation-heavy,A_ADD,0.755,0.353158,0.484116,0.46775894039735105,0.6412132450331126
files-100-500,wo.tc,files-100-500/wo.tc,delegation-heavy,A_UPDATE,0.764,0.607556,0.546055,0.7952303664921465,0.7147316753926701
files-100-500,wo.tc,files-100-500/wo.tc,delegation-heavy,NS_UPDATE,1.206,0.713479,0.647654,0.5916077943615257,0.5370265339966832
files-100-500,wo.tc,files-100-500/wo.tc,delegation-heavy,CNAME_UPDATE,0.74,0.715551,2.427062,0.9669608108108109,3.2798135135135134
files-100-500,www.de,files-100-500/www.de,delegation-heavy,A_ADD,0.791,0.241269,0.383736,0.3050176991150442,0.48512768647281923
files-100-500,www.de,files-100-500/www.de,delegation-heavy,A_UPDATE,0.683,0.363196,0.44773,0.5317657393850659,0.6555344070278184
files-100-500,www.de,files-100-500/www.de,delegation-heavy,NS_UPDATE,0.8,0.452959,0.580979,0.56619875,0.72622375
files-100-500,x-y.net,files-100-500/x-y.net,delegation-heavy,A_ADD,0.397,0.190567,0.464263,0.48001763224181354,1.1694282115869017
files-100-500,x-y.net,files-100-500/x-y.net,delegation-heavy,A_UPDATE,0.993,0.391689,0.454892,0.39445015105740183,0.458098690835851
files-100-500,x-y.net,files-100-500/x-y.net,delegation-heavy,NS_UPDATE,0.556,0.390914,0.463167,0.7030827338129495,0.8330341726618704
files-100-500,x0.com,files-100-500/x0.com,delegation-heavy,A_ADD,0.86,0.149175,0.291292,0.1734593023255814,0.33871162790697673
files-100-500,x0.com,files-100-500/x0.com,delegation-heavy,A_UPDATE,0.573,0.341227,0.377649,0.5955095986038395,0.6590732984293195
files-100-500,x0.com,files-100-500/x0.com,delegation-heavy,NS_UPDATE,0.442,0.336428,0.503396,0.7611493212669683,1.1389049773755655
files-100-500,x0.com,files-100-500/x0.com,delegation-heavy,CNAME_UPDATE,0.551,0.708169,1.972394,1.2852431941923774,3.5796624319419235
files-100-500,x10.mx,files-100-500/x10.mx,delegation-heavy,A_ADD,1.817,0.188296,0.387594,0.10363015960374243,0.21331535498073748
files-100-500,x10.mx,files-100-500/x10.mx,delegation-heavy,A_UPDATE,1.435,0.401555,0.594135,0.2798292682926829,0.4140313588850174
files-100-500,x10.mx,files-100-500/x10.mx,delegation-heavy,NS_UPDATE,0.633,0.509119,0.625132,0.8042954186413902,0.9875703001579779
files-100-500,x10.mx,files-100-500/x10.mx,delegation-heavy,CNAME_UPDATE,1.149,0.524766,1.24177,0.45671540469973887,1.080739773716275
files-100-500,xii.jp,files-100-500/xii.jp,delegation-heavy,A_ADD,0.919,0.188949,0.38066,0.20560282916213274,0.4142110990206746
files-100-500,xii.jp,files-100-500/xii.jp,delegation-heavy,A_UPDATE,1.2619999999999998,0.39248,0.448718,0.31099841521394617,0.35556101426307457
files-100-500,xii.jp,files-100-500/xii.jp,delegation-heavy,NS_UPDATE,0.552,0.442443,0.528652,0.8015271739130434,0.9577028985507245
files-100-500,xii.jp,files-100-500/xii.jp,delegation-heavy,CNAME_UPDATE,0.737,0.597983,1.840279,0.8113744911804615,2.4969864314789687
files-100-500,xitinblog.net,files-100-500/xitinblog.net,delegation-heavy,A_ADD,1.146,0.189855,0.408604,0.16566753926701572,0.35654799301919726
files-100-500,xitinblog.net,files-100-500/xitinblog.net,delegation-heavy,A_UPDATE,0.979,0.367974,0.449096,0.37586721144024515,0.458729315628192
files-100-500,xitinblog.net,files-100-500/xitinblog.net,delegation-heavy,NS_UPDATE,1.3569999999999998,0.424446,0.55072,0.3127826086956522,0.4058364038319824
files-100-500,xoom.it,files-100-500/xoom.it,delegation-heavy,A_ADD,0.772,0.16383,0.35993,0.21221502590673574,0.46623056994818657
files-100-500,xoom.it,files-100-500/xoom.it,delegation-heavy,A_UPDATE,1.365,0.582943,0.903589,0.42706446886446886,0.6619699633699634
files-100-500,xoom.it,files-100-500/xoom.it,delegation-heavy,NS_UPDATE,0.532,0.39841,0.526807,0.748890977443609,0.9902387218045112
files-100-500,xsrv.jp,files-100-500/xsrv.jp,delegation-heavy,A_ADD,0.784,0.200826,0.467853,0.25615561224489797,0.5967512755102041
files-100-500,xsrv.jp,files-100-500/xsrv.jp,delegation-heavy,A_UPDATE,0.667,0.413557,0.464996,0.6200254872563717,0.6971454272863569
files-100-500,xsrv.jp,files-100-500/xsrv.jp,delegation-heavy,NS_UPDATE,0.744,0.481804,0.551011,0.6475860215053764,0.740606182795699
files-100-500,yahoo.com,files-100-500/yahoo.com,rewrite-heavy,A_ADD,0.63,1.409453,3.219879,2.237226984126984,5.110919047619048
files-100-500,yahoo.com,files-100-500/yahoo.com,rewrite-heavy,A_UPDATE,0.015,2.648935,4.207517,176.59566666666666,280.50113333333337
files-100-500,yahoo.com,files-100-500/yahoo.com,rewrite-heavy,NS_UPDATE,0.014000000000000002,4.232472,8.71693,302.3194285714285,622.637857142857
files-100-500,yahoo.com,files-100-500/yahoo.com,rewrite-heavy,CNAME_UPDATE,0.742,4.603673,10.234149,6.204411051212937,13.792653638814016
files-100-500,yale.edu,files-100-500/yale.edu,rewrite-heavy,A_ADD,0.15,0.200173,0.412892,1.3344866666666666,2.752613333333333
files-100-500,yale.edu,files-100-500/yale.edu,rewrite-heavy,A_UPDATE,0.008,0.511894,0.594583,63.986749999999994,74.322875
files-100-500,yale.edu,files-100-500/yale.edu,rewrite-heavy,NS_UPDATE,0.007,0.622996,1.476208,88.99942857142857,210.88685714285714
files-100-500,yale.edu,files-100-500/yale.edu,rewrite-heavy,CNAME_UPDATE,0.010000000000000002,0.84513,2.082667,84.51299999999999,208.26669999999993
files-100-500,yorku.ca,files-100-500/yorku.ca,rewrite-heavy,A_ADD,0.77,0.297996,1.454977,0.3870077922077922,1.8895805194805193
files-100-500,yorku.ca,files-100-500/yorku.ca,rewrite-heavy,A_UPDATE,1.305,1.301999,1.724435,0.9977003831417625,1.3214061302681992
files-100-500,yorku.ca,files-100-500/yorku.ca,rewrite-heavy,NS_UPDATE,0.771,0.784034,2.034244,1.016905317769131,2.638448767833982
files-100-500,yorku.ca,files-100-500/yorku.ca,rewrite-heavy,CNAME_UPDATE,0.731,0.890873,3.636947,1.218704514363885,4.975303693570452
files-100-500,yourfreehosting.net,files-100-500/yourfreehosting.net,delegation-heavy,A_ADD,1.7959999999999998,0.19495,0.375017,0.10854677060133631,0.20880679287305123
files-100-500,yourfreehosting.net,files-100-500/yourfreehosting.net,delegation-heavy,A_UPDATE,0.869,0.714043,0.928316,0.8216835443037974,1.068257767548907
files-100-500,yourfreehosting.net,files-100-500/yourfreehosting.net,delegation-heavy,NS_UPDATE,0.744,0.360101,0.452058,0.48400672043010756,0.6076048387096774
files-100-500,yourprospex.com,files-100-500/yourprospex.com,delegation-heavy,A_ADD,0.14100000000000001,0.159714,0.344263,1.132723404255319,2.4415815602836877
files-100-500,yourprospex.com,files-100-500/yourprospex.com,delegation-heavy,A_UPDATE,0.159,0.295453,0.409538,1.8581949685534591,2.5757106918238994
files-100-500,yourprospex.com,files-100-500/yourprospex.com,delegation-heavy,NS_UPDATE,0.294,0.604462,0.510271,2.055993197278912,1.7356156462585035
files-100-500,za.net,files-100-500/za.net,rewrite-heavy,A_ADD,0.832,0.225534,0.438754,0.27107451923076925,0.5273485576923077
files-100-500,za.net,files-100-500/za.net,rewrite-heavy,A_UPDATE,0.641,0.466754,0.664416,0.7281653666146646,1.0365304212168487
files-100-500,za.net,files-100-500/za.net,rewrite-heavy,NS_UPDATE,0.543,0.662398,0.813246,1.2198858195211786,1.4976906077348067
files-100-500,za.net,files-100-500/za.net,rewrite-heavy,CNAME_UPDATE,0.737,0.974128,2.575478,1.3217476255088196,3.4945427408412484
files-100-500,zgora.pl,files-100-500/zgora.pl,delegation-heavy,A_ADD,0.12000000000000001,0.211824,0.874801,1.7651999999999999,7.290008333333333
files-100-500,zgora.pl,files-100-500/zgora.pl,delegation-heavy,A_UPDATE,0.007,0.497399,1.300266,71.057,185.7522857142857
files-100-500,zgora.pl,files-100-500/zgora.pl,delegation-heavy,NS_UPDATE,0.007,0.789537,1.437309,112.79100000000001,205.32985714285712
files-100-500,zgora.pl,files-100-500/zgora.pl,delegation-heavy,CNAME_UPDATE,0.056,0.461673,1.320469,8.244160714285714,23.57980357142857
files-100-500,zhp.pl,files-100-500/zhp.pl,delegation-heavy,A_ADD,0.553,0.248738,0.312534,0.4497974683544303,0.5651609403254972
files-100-500,zhp.pl,files-100-500/zhp.pl,delegation-heavy,A_UPDATE,1.2389999999999999,0.433121,0.49075,0.34957304277643264,0.39608555286521396
files-100-500,zhp.pl,files-100-500/zhp.pl,delegation-heavy,NS_UPDATE,0.34700000000000003,0.41716,0.495939,1.2021902017291064,1.4292190201729107
files-100-500,zhp.pl,files-100-500/zhp.pl,delegation-heavy,CNAME_UPDATE,0.501,0.841793,2.221929,1.6802255489021956,4.434988023952095
files-500-1000,votesp.com,files-500-1000/votesp.com,delegation-heavy,A_ADD,0.276,0.184143,0.428013,0.6671847826086956,1.5507717391304345
files-500-1000,votesp.com,files-500-1000/votesp.com,delegation-heavy,A_UPDATE,0.109,0.299387,0.382505,2.7466697247706424,3.509220183486238
files-500-1000,votesp.com,files-500-1000/votesp.com,delegation-heavy,NS_UPDATE,0.192,0.459412,0.506166,2.392770833333333,2.63628125
files-500-1000,web.tr,files-500-1000/web.tr,rewrite-heavy,A_ADD,0.216,0.208989,0.790751,0.9675416666666667,3.660884259259259
files-500-1000,web.tr,files-500-1000/web.tr,rewrite-heavy,A_UPDATE,0.006,0.70606,1.794106,117.67666666666666,299.0176666666667
files-500-1000,web.tr,files-500-1000/web.tr,rewrite-heavy,NS_UPDATE,0.008,0.469072,2.079703,58.634,259.962875
files-500-1000,web.tr,files-500-1000/web.tr,rewrite-heavy,CNAME_UPDATE,0.117,0.953706,2.475926,8.151333333333334,21.161760683760683
files-500-1000,weblog.com,files-500-1000/weblog.com,delegation-heavy,A_ADD,0.741,0.144352,0.280454,0.19480701754385965,0.3784804318488529
files-500-1000,weblog.com,files-500-1000/weblog.com,delegation-heavy,A_UPDATE,0.715,0.311384,0.370585,0.43550209790209793,0.5183006993006993
files-500-1000,weblog.com,files-500-1000/weblog.com,delegation-heavy,NS_UPDATE,0.514,0.356251,0.44799,0.6930953307392995,0.8715758754863813
files-500-1000,wisc.edu,files-500-1000/wisc.edu,delegation-heavy,A_ADD,0.868,0.15901,0.319967,0.18319124423963135,0.36862557603686635
files-500-1000,wisc.edu,files-500-1000/wisc.edu,delegation-heavy,A_UPDATE,1.411,0.323934,0.364939,0.2295776045357902,0.2586385542168675
files-500-1000,wisc.edu,files-500-1000/wisc.edu,delegation-heavy,NS_UPDATE,0.496,0.450678,0.51733,0.908625,1.0430040322580645
files-500-1000,wopert.com,files-500-1000/wopert.com,delegation-heavy,A_ADD,0.19999999999999998,0.168884,0.329125,0.8444200000000001,1.6456250000000001
files-500-1000,wopert.com,files-500-1000/wopert.com,delegation-heavy,A_UPDATE,0.054000000000000006,0.309557,0.373937,5.732537037037037,6.924759259259258
files-500-1000,wopert.com,files-500-1000/wopert.com,delegation-heavy,NS_UPDATE,0.15000000000000002,0.507616,0.67221,3.384106666666666,4.481399999999999
files-500-1000,wroc.pl,files-500-1000/wroc.pl,rewrite-heavy,A_ADD,1.134,0.33694,0.611765,0.29712522045855383,0.5394753086419753
files-500-1000,wroc.pl,files-500-1000/wroc.pl,rewrite-heavy,A_UPDATE,0.775,0.44722,0.584398,0.5770580645161291,0.7540619354838709
files-500-1000,wroc.pl,files-500-1000/wroc.pl,rewrite-heavy,NS_UPDATE,0.861,0.558066,1.437723,0.6481602787456445,1.669829268292683
files-500-1000,wroc.pl,files-500-1000/wroc.pl,rewrite-heavy,CNAME_UPDATE,1.036,0.751418,2.526308,0.7253069498069498,2.4385212355212356
files-500-1000,wroclaw.pl,files-500-1000/wroclaw.pl,delegation-heavy,A_ADD,0.179,0.172887,0.325489,0.9658491620111733,1.8183743016759777
files-500-1000,wroclaw.pl,files-500-1000/wroclaw.pl,delegation-heavy,A_UPDATE,0.008,0.478547,0.512969,59.818374999999996,64.121125
files-500-1000,wroclaw.pl,files-500-1000/wroclaw.pl,delegation-heavy,NS_UPDATE,0.006,0.76044,0.941335,126.74,156.88916666666668
files-500-1000,wroclaw.pl,files-500-1000/wroclaw.pl,delegation-heavy,CNAME_UPDATE,0.053,0.742456,49.689583,14.008603773584905,937.5393018867925
files-500-1000,zp.ua,files-500-1000/zp.ua,delegation-heavy,A_ADD,0.196,0.209034,0.43614,1.0665,2.2252040816326533
files-500-1000,zp.ua,files-500-1000/zp.ua,delegation-heavy,A_UPDATE,0.007,0.954963,1.097247,136.42328571428573,156.74957142857144
files-500-1000,zp.ua,files-500-1000/zp.ua,delegation-heavy,NS_UPDATE,0.008,0.839675,1.045819,104.959375,130.727375
files-500-1000,zp.ua,files-500-1000/zp.ua,delegation-heavy,CNAME_UPDATE,0.012,0.968016,2.523468,80.66799999999999,210.289
files-1000-plus,waw.pl,files-1000-plus/waw.pl,delegation-heavy,A_ADD,0.28200000000000003,0.154722,0.302595,0.548659574468085,1.073031914893617
files-1000-plus,waw.pl,files-1000-plus/waw.pl,delegation-heavy,A_UPDATE,0.008,0.396487,0.615989,49.560874999999996,76.998625
files-1000-plus,waw.pl,files-1000-plus/waw.pl,delegation-heavy,NS_UPDATE,0.009000000000000001,0.766163,0.974059,85.12922222222221,108.22877777777776
files-1000-plus,waw.pl,files-1000-plus/waw.pl,delegation-heavy,CNAME_UPDATE,0.11800000000000001,0.386732,1.036561,3.2773898305084743,8.784415254237288
files-1000-plus,web.id,files-1000-plus/web.id,rewrite-heavy,A_ADD,0.266,0.172146,0.321568,0.6471654135338345,1.2089022556390978
files-1000-plus,web.id,files-1000-plus/web.id,rewrite-heavy,A_UPDATE,0.008,0.481083,0.559617,60.135374999999996,69.95212500000001
files-1000-plus,web.id,files-1000-plus/web.id,rewrite-heavy,NS_UPDATE,0.009000000000000001,0.926192,1.296655,102.91022222222222,144.07277777777776
files-1000-plus,web.id,files-1000-plus/web.id,rewrite-heavy,CNAME_UPDATE,0.081,0.892183,2.346406,11.014604938271605,28.967975308641975
files-1000-plus,wp-studio.net,files-1000-plus/wp-studio.net,delegation-heavy,A_ADD,0.9530000000000001,0.154199,0.284664,0.16180377754459602,0.29870304302203565
files-1000-plus,wp-studio.net,files-1000-plus/wp-studio.net,delegation-heavy,A_UPDATE,0.851,0.426336,0.366192,0.5009823736780259,0.4303078730904818
files-1000-plus,wp-studio.net,files-1000-plus/wp-studio.net,delegation-heavy,NS_UPDATE,0.733,0.397374,0.471356,0.5421200545702592,0.6430504774897681
files-1000-plus,youaremighty.com,files-1000-plus/youaremighty.com,delegation-heavy,A_ADD,0.9430000000000001,0.169856,0.314881,0.18012301166489925,0.33391410392364795
files-1000-plus,youaremighty.com,files-1000-plus/youaremighty.com,delegation-heavy,A_UPDATE,0.793,0.404253,0.582167,0.5097767969735182,0.7341324085750315
files-1000-plus,youaremighty.com,files-1000-plus/youaremighty.com,delegation-heavy,NS_UPDATE,0.839,0.434158,0.503137,0.5174707985697259,0.5996865315852205
top-10,com.cn,top-10/com.cn,rewrite-heavy,A_ADD,0.654,0.168242,0.392421,0.2572507645259939,0.6000321100917432
top-10,com.cn,top-10/com.cn,rewrite-heavy,A_UPDATE,0.009000000000000001,0.830572,1.034231,92.28577777777777,114.91455555555554
top-10,com.cn,top-10/com.cn,rewrite-heavy,NS_UPDATE,0.010000000000000002,0.787109,1.046503,78.71089999999998,104.65029999999997
top-10,com.mx,top-10/com.mx,delegation-heavy,A_ADD,0.595,0.270887,0.678343,0.455272268907563,1.140072268907563
top-10,com.mx,top-10/com.mx,delegation-heavy,A_UPDATE,0.009000000000000001,0.920126,2.345798,102.23622222222221,260.6442222222222
top-10,com.mx,top-10/com.mx,delegation-heavy,NS_UPDATE,0.011000000000000001,0.751039,1.297491,68.27627272727273,117.95372727272725
top-10,com.mx,top-10/com.mx,delegation-heavy,CNAME_UPDATE,0.013999999999999999,0.90044,2.379729,64.31714285714287,169.9806428571429
top-10,com.np,top-10/com.np,rewrite-heavy,A_ADD,1.8899999999999997,0.2588,0.351009,0.13693121693121693,0.18571904761904767
top-10,com.np,top-10/com.np,rewrite-heavy,A_UPDATE,1.4689999999999999,1.035111,1.151923,0.704636487406399,0.7841545268890403
top-10,com.np,top-10/com.np,rewrite-heavy,NS_UPDATE,1.65,0.867769,0.829776,0.5259206060606061,0.5028945454545455
top-10,com.np,top-10/com.np,rewrite-heavy,CNAME_UPDATE,3.346,0.940142,2.410969,0.28097489539748954,0.7205526001195457
top-10,com.sg,top-10/com.sg,delegation-heavy,A_ADD,0.39,0.19189,0.466537,0.492025641025641,1.1962487179487178
top-10,com.sg,top-10/com.sg,delegation-heavy,A_UPDATE,0.010000000000000002,0.467532,0.549868,46.75319999999999,54.98679999999999
top-10,com.sg,top-10/com.sg,delegation-heavy,NS_UPDATE,0.009000000000000001,0.913445,1.204302,101.49388888888888,133.81133333333332
top-10,com.sg,top-10/com.sg,delegation-heavy,CNAME_UPDATE,0.046,0.902318,2.424244,19.615608695652174,52.70095652173913
top-10,com.tw,top-10/com.tw,delegation-heavy,A_ADD,0.583,0.214399,0.368403,0.3677512864493997,0.6319090909090909
top-10,com.tw,top-10/com.tw,delegation-heavy,A_UPDATE,0.012,0.673205,14.459739,56.10041666666667,1204.9782500000001
top-10,com.tw,top-10/com.tw,delegation-heavy,NS_UPDATE,0.012,0.772657,1.08215,64.38808333333334,90.17916666666666
top-10,com.tw,top-10/com.tw,delegation-heavy,CNAME_UPDATE,0.268,1.350803,2.841196,5.040309701492537,10.601477611940298
top-10,com.ua,top-10/com.ua,delegation-heavy,A_ADD,0.463,0.185937,0.411669,0.40159179265658745,0.889133909287257
top-10,com.ua,top-10/com.ua,delegation-heavy,A_UPDATE,0.009000000000000001,0.958002,1.114916,106.44466666666666,123.87955555555554
top-10,com.ua,top-10/com.ua,delegation-heavy,NS_UPDATE,0.010000000000000002,0.510865,0.631051,51.086499999999994,63.10509999999999
top-10,gov.cn,top-10/gov.cn,delegation-heavy,A_ADD,0.456,0.181759,0.325505,0.39859429824561404,0.7138267543859649
top-10,gov.cn,top-10/gov.cn,delegation-heavy,A_UPDATE,0.007,0.808204,0.891326,115.45771428571429,127.3322857142857
top-10,gov.cn,top-10/gov.cn,delegation-heavy,NS_UPDATE,0.007,0.929297,1.088755,132.75671428571428,155.53642857142856
top-10,net.au,top-10/net.au,delegation-heavy,A_ADD,0.396,0.327677,0.410661,0.8274671717171717,1.0370227272727273
top-10,net.au,top-10/net.au,delegation-heavy,A_UPDATE,0.008,0.743129,0.607667,92.891125,75.95837499999999
top-10,net.au,top-10/net.au,delegation-heavy,NS_UPDATE,0.008,1.189763,0.706083,148.720375,88.260375
top-10,net.au,top-10/net.au,delegation-heavy,CNAME_UPDATE,0.085,0.377309,1.033954,4.438929411764706,12.164164705882353
top-10,org.br,top-10/org.br,delegation-heavy,A_ADD,0.524,0.323931,0.717298,0.6181889312977099,1.3688893129770991
top-10,org.br,top-10/org.br,delegation-heavy,A_UPDATE,0.008,1.090284,1.16094,136.2855,145.1175
top-10,org.br,top-10/org.br,delegation-heavy,NS_UPDATE,0.010000000000000002,1.167634,2.945839,116.76339999999999,294.5838999999999
top-10,org.br,top-10/org.br,delegation-heavy,CNAME_UPDATE,0.061,0.512734,1.724042,8.405475409836066,28.26298360655738
